{
  "answer": {
    "precision": 0.7931034482758621,
    "recall": 0.4684317718940937,
    "f1-score": 0.5889884763124199,
    "support": 491,
    "confused_with": {}
  },
  "micro avg": {
    "precision": 0.7931034482758621,
    "recall": 0.4684317718940937,
    "f1-score": 0.5889884763124199,
    "support": 491
  },
  "macro avg": {
    "precision": 0.7931034482758621,
    "recall": 0.4684317718940937,
    "f1-score": 0.5889884763124199,
    "support": 491
  },
  "weighted avg": {
    "precision": 0.7931034482758621,
    "recall": 0.4684317718940937,
    "f1-score": 0.5889884763124199,
    "support": 491
  },
  "accuracy": 0.8876050420168067
}