{
  "answer": {
    "precision": 0.991304347826087,
    "recall": 0.9287169042769857,
    "f1-score": 0.9589905362776024,
    "support": 491,
    "confused_with": {}
  },
  "micro avg": {
    "precision": 0.991304347826087,
    "recall": 0.9287169042769857,
    "f1-score": 0.9589905362776024,
    "support": 491
  },
  "macro avg": {
    "precision": 0.991304347826087,
    "recall": 0.9287169042769857,
    "f1-score": 0.9589905362776024,
    "support": 491
  },
  "weighted avg": {
    "precision": 0.991304347826087,
    "recall": 0.9287169042769857,
    "f1-score": 0.9589905362776024,
    "support": 491
  },
  "accuracy": 0.9863445378151261
}