{
  "reject-option": {
    "precision": 1.0,
    "recall": 0.6301369863013698,
    "f1-score": 0.773109243697479,
    "support": 73,
    "confused_with": {
      "offer-answer": 26,
      "agreement": 1
    }
  },
  "final-answer": {
    "precision": 0.95,
    "recall": 0.9595959595959596,
    "f1-score": 0.9547738693467336,
    "support": 99,
    "confused_with": {
      "offer-answer": 3,
      "confirm-final-answer": 1
    }
  },
  "agreement": {
    "precision": 0.9702970297029703,
    "recall": 0.9607843137254902,
    "f1-score": 0.9655172413793103,
    "support": 102,
    "confused_with": {
      "confirm-final-answer": 2,
      "ask-agreement": 2
    }
  },
  "ask-agreement": {
    "precision": 0.9333333333333333,
    "recall": 0.9130434782608695,
    "f1-score": 0.9230769230769231,
    "support": 46,
    "confused_with": {
      "offer-answer": 2,
      "agreement": 2
    }
  },
  "offer-to-answer": {
    "precision": 0.8571428571428571,
    "recall": 0.9230769230769231,
    "f1-score": 0.888888888888889,
    "support": 13,
    "confused_with": {
      "check-answer": 1
    }
  },
  "offer-answer": {
    "precision": 0.8274111675126904,
    "recall": 0.9702380952380952,
    "f1-score": 0.8931506849315068,
    "support": 168,
    "confused_with": {
      "final-answer": 4,
      "check-answer": 1
    }
  },
  "confirm-final-answer": {
    "precision": 0.918918918918919,
    "recall": 0.8717948717948718,
    "f1-score": 0.8947368421052632,
    "support": 39,
    "confused_with": {
      "offer-answer": 3,
      "final-answer": 1
    }
  },
  "check-answer": {
    "precision": 0.9230769230769231,
    "recall": 0.9230769230769231,
    "f1-score": 0.9230769230769231,
    "support": 26,
    "confused_with": {
      "offer-to-answer": 2
    }
  },
  "accuracy": 0.9081272084805654,
  "macro avg": {
    "precision": 0.9225225287109617,
    "recall": 0.8939684438838128,
    "f1-score": 0.9020413270628784,
    "support": 566
  },
  "weighted avg": {
    "precision": 0.9168540662294404,
    "recall": 0.9081272084805654,
    "f1-score": 0.9053065236813157,
    "support": 566
  },
  "micro avg": {
    "precision": 0.9081272084805654,
    "recall": 0.9081272084805654,
    "f1-score": 0.9081272084805654,
    "support": 566
  }
}