{
  "confirm-final-answer": {
    "precision": 0.875,
    "recall": 0.875,
    "f1-score": 0.875,
    "support": 40,
    "confused_with": {
      "offer-answer": 3,
      "final-answer": 1
    }
  },
  "reject-option": {
    "precision": 1.0,
    "recall": 1.0,
    "f1-score": 1.0,
    "support": 47,
    "confused_with": {}
  },
  "final-answer": {
    "precision": 0.9557522123893806,
    "recall": 0.9473684210526315,
    "f1-score": 0.9515418502202644,
    "support": 114,
    "confused_with": {
      "offer-answer": 3,
      "confirm-final-answer": 2
    }
  },
  "agreement": {
    "precision": 1.0,
    "recall": 0.9823529411764705,
    "f1-score": 0.9910979228486646,
    "support": 170,
    "confused_with": {
      "ask-agreement": 2,
      "confirm-final-answer": 1
    }
  },
  "offer-answer": {
    "precision": 0.9682539682539683,
    "recall": 0.9786096256684492,
    "f1-score": 0.973404255319149,
    "support": 187,
    "confused_with": {
      "final-answer": 4
    }
  },
  "check-answer": {
    "precision": 0.9696969696969697,
    "recall": 1.0,
    "f1-score": 0.9846153846153847,
    "support": 32,
    "confused_with": {}
  },
  "offer-to-answer": {
    "precision": 1.0,
    "recall": 0.9047619047619048,
    "f1-score": 0.9500000000000001,
    "support": 21,
    "confused_with": {
      "check-answer": 1,
      "ask-agreement": 1
    }
  },
  "ask-agreement": {
    "precision": 0.8958333333333334,
    "recall": 0.9555555555555556,
    "f1-score": 0.924731182795699,
    "support": 45,
    "confused_with": {
      "confirm-final-answer": 2
    }
  },
  "accuracy": 0.9664634146341463,
  "macro avg": {
    "precision": 0.9580670604592065,
    "recall": 0.9554560560268764,
    "f1-score": 0.9562988244748952,
    "support": 656
  },
  "weighted avg": {
    "precision": 0.967015316015525,
    "recall": 0.9664634146341463,
    "f1-score": 0.966554282145675,
    "support": 656
  },
  "micro avg": {
    "precision": 0.9664634146341463,
    "recall": 0.9664634146341463,
    "f1-score": 0.9664634146341463,
    "support": 656
  }
}