{
  "answer": {
    "precision": 0.928374655647383,
    "recall": 0.6863543788187373,
    "f1-score": 0.7892271662763466,
    "support": 491,
    "confused_with": {}
  },
  "micro avg": {
    "precision": 0.928374655647383,
    "recall": 0.6863543788187373,
    "f1-score": 0.7892271662763466,
    "support": 491
  },
  "macro avg": {
    "precision": 0.928374655647383,
    "recall": 0.6863543788187373,
    "f1-score": 0.7892271662763466,
    "support": 491
  },
  "weighted avg": {
    "precision": 0.928374655647383,
    "recall": 0.6863543788187373,
    "f1-score": 0.7892271662763466,
    "support": 491
  },
  "accuracy": 0.9369747899159664
}