{
  "check-answer": {
    "precision": 1.0,
    "recall": 1.0,
    "f1-score": 1.0,
    "support": 12,
    "confused_with": {}
  },
  "confirm-final-answer": {
    "precision": 0.8387096774193549,
    "recall": 0.9285714285714286,
    "f1-score": 0.8813559322033899,
    "support": 28,
    "confused_with": {
      "ask-agreement": 2
    }
  },
  "reject-option": {
    "precision": 1.0,
    "recall": 1.0,
    "f1-score": 1.0,
    "support": 35,
    "confused_with": {}
  },
  "offer-answer": {
    "precision": 0.9897959183673469,
    "recall": 0.9603960396039604,
    "f1-score": 0.9748743718592964,
    "support": 101,
    "confused_with": {
      "final-answer": 2,
      "confirm-final-answer": 2
    }
  },
  "ask-agreement": {
    "precision": 0.88,
    "recall": 1.0,
    "f1-score": 0.9361702127659575,
    "support": 22,
    "confused_with": {}
  },
  "final-answer": {
    "precision": 0.9629629629629629,
    "recall": 0.9629629629629629,
    "f1-score": 0.9629629629629629,
    "support": 54,
    "confused_with": {
      "offer-answer": 1,
      "confirm-final-answer": 1
    }
  },
  "offer-to-answer": {
    "precision": 1.0,
    "recall": 1.0,
    "f1-score": 1.0,
    "support": 11,
    "confused_with": {}
  },
  "agreement": {
    "precision": 1.0,
    "recall": 0.9680851063829787,
    "f1-score": 0.9837837837837838,
    "support": 94,
    "confused_with": {
      "confirm-final-answer": 2,
      "ask-agreement": 1
    }
  },
  "accuracy": 0.969187675070028,
  "macro avg": {
    "precision": 0.958933569843708,
    "recall": 0.9775019421901663,
    "f1-score": 0.9673934079469237,
    "support": 357
  },
  "weighted avg": {
    "precision": 0.9714657107082465,
    "recall": 0.969187675070028,
    "f1-score": 0.9697806667115142,
    "support": 357
  },
  "micro avg": {
    "precision": 0.969187675070028,
    "recall": 0.969187675070028,
    "f1-score": 0.969187675070028,
    "support": 357
  }
}